{
	"name": "discord-integration",
	"title": "MG Living World - Discord Integration Library",
	"description": "Allows players to send messages to linked Discord Accounts, and provides API for other modules to also send Discord messages.",
	"version": "2.1.2",
	"author": "Khankar#2236",
	"minimumCoreVersion": "0.9.0",
	"compatibleCoreVersion": "0.9.0",
	"esmodules": ["src\\DiscordIntegration.js"],
	"styles": ["css\\styles.css"],
	"languages": [
		{ "lang": "en", "name": "English", "path": "lang/en.json" }
	],
	"url":		"https://github.com/TheMasterGeese/discord-integration/buildOverhaul",
	"license":	"https://github.com/TheMasterGeese/discord-integration/blob/buildOverhaul/LICENSE",
	"manifest":	"https://raw.githubusercontent.com/TheMasterGeese/discord-integration/buildOverhaul/bundle/module.json",
	"download":	"https://raw.githubusercontent.com/TheMasterGeese/discord-integration/buildOverhaul/bundle/discord-integration.zip",
	"readme":	"https://github.com/TheMasterGeese/discord-integration/blob/buildOverhaul/README.md",
	"changelog":"https://github.com/TheMasterGeese/discord-integration/blob/buildOverhaul/CHANGELOG.md"
}
