{
	"id": "discord-integration",
	"title": "MG Living World - Discord Integration Library",
	"description": "Allows players to send messages to linked Discord Accounts, and provides API for other modules to also send Discord messages.",
	"version": "2.1.6",
	"authors": [
		{
			"name": "MasterGeese",
			"email": "themastergeese@gmail.com",
			"discord": "Khankar#2236"
		}
	],
	"compatibility": {
		"minimum": 10,
		"verified": "10.287"
	},
	"minimumCoreVersion": "9",
	"compatibleCoreVersion": "9",
	"esmodules": ["src/DiscordIntegration.js"],
	"styles": ["css/styles.css"],
	"languages": [
		{ "lang": "en", "name": "English", "path": "lang/en.json" }
	],
	"url":		"https://github.com/TheMasterGeese/discord-integration",
	"license":	"https://github.com/TheMasterGeese/discord-integration/blob/main/LICENSE",
	"manifest":	"https://raw.githubusercontent.com/TheMasterGeese/discord-integration/main/bundle/module.json",
	"download":	"https://raw.githubusercontent.com/TheMasterGeese/discord-integration/main/bundle/discord-integration.zip",
	"readme":	"https://github.com/TheMasterGeese/discord-integration/blob/main/README.md",
	"changelog":"https://github.com/TheMasterGeese/discord-integration/blob/main/CHANGELOG.md"
}
